title,price_str,price,grader,grade,keywords,card_number,sponsored,link,image_url
"Pokemon Charizard Celebrations Classic Coll. Base Set Holo Rare #4 PSA 10
Opens in a new window or tab",$405.00,405.0,PSA,10,Holo Rare,,False,https://www.ebay.com/itm/287156763876,https://i.ebayimg.com/images/g/pzAAAeSw9Z5phoBf/s-l500.webp
"Charizard Holo 1996 PSA 10 Mint Japanese Base Set Pokemon Card #6
Opens in a new window or tab","$35,436.00",35436.0,PSA,10,,,False,https://www.ebay.com/itm/317853100266,https://i.ebayimg.com/images/g/AsAAAeSw5M9ph79N/s-l500.webp
"2021 Pokemon Celebrations Classic Coll Base Set #4 Charizard Holo PSA 10
Opens in a new window or tab",$265.00,265.0,PSA,10,,,False,https://www.ebay.com/itm/389665880646,https://i.ebayimg.com/images/g/zJsAAeSw1DhpnlL2/s-l500.webp
"PSA 10 Pokemon Card CHARIZARD-HOLO EXPEDITION-1ST EDITION 103 2001 JAPANESE
Opens in a new window or tab","$4,025.00",4025.0,PSA,10,1st Edition,,False,https://www.ebay.com/itm/376957398714,https://i.ebayimg.com/images/g/4jQAAeSwm4BpjNf0/s-l500.webp
"2021 Pokémon Celebrations Charizard PSA 10 w/guard 🔥
Opens in a new window or tab",$579.00,579.0,PSA,10,,,False,https://www.ebay.com/itm/117061299387,https://i.ebayimg.com/images/g/jMEAAeSwCBZpokry/s-l500.webp
"PSA 10 🔥 2002 Pokemon Expedition Charizard 39/165 Non Holo Low Pop Rare
Opens in a new window or tab",$899.95,899.95,PSA,10,,39/165,False,https://www.ebay.com/itm/389463564831,https://i.ebayimg.com/images/g/txAAAeSwwbRpXafk/s-l500.webp
"2021 Pokemon Celebrations Charizard-Holo #4 GEM MT PSA 10 Classic Coll-Base Set
Opens in a new window or tab",$260.00,260.0,PSA,10,,,False,https://www.ebay.com/itm/168173937677,https://i.ebayimg.com/images/g/uboAAeSwLdZpmMC1/s-l500.webp
"2021 Pokemon Celebrations Charizard-Holo #4 GEM MT PSA 10 Classic Coll-Base Set
Opens in a new window or tab",$405.00,405.0,PSA,10,,,False,https://www.ebay.com/itm/188068954472,https://i.ebayimg.com/images/g/sTIAAeSwPo5plNHm/s-l500.webp
"2021 Pokemon Celebrations Classic Coll Base Set #4 Charizard Holo PSA 10
Opens in a new window or tab",$782.27,782.27,PSA,10,,,False,https://www.ebay.com/itm/157676398582,https://i.ebayimg.com/images/g/ph0AAeSwR2dpjSNH/s-l500.webp
"PSA 10 Charizard 103/128 Holo e Series Expedition Base Set Pokemon Card Japanese
Opens in a new window or tab","$7,550.00",7550.0,PSA,10,,103/128,False,https://www.ebay.com/itm/137043757002,https://i.ebayimg.com/images/g/CFsAAeSwCOppk577/s-l500.webp
"2001 POKEMON JPN EXPEDITION 1ST ED #103 CHARIZARD-HOLO PSA 10
Opens in a new window or tab","$4,050.00",4050.0,PSA,10,,,False,https://www.ebay.com/itm/306783105080,https://i.ebayimg.com/images/g/vUYAAeSwRbRpmbO3/s-l500.webp
"2021 Pokemon Celebrations Classic Collection #4 Charizard PSA 10
Opens in a new window or tab",$549.99,549.99,PSA,10,,,False,https://www.ebay.com/itm/188098268553,https://i.ebayimg.com/images/g/mSUAAeSwIj9poHXi/s-l500.webp
"💎Pokemon Charizard Celebrations Classic Coll. Base Set Holo Rare #4 PSA 10🔥💎
Opens in a new window or tab",$745.00,745.0,PSA,10,Holo Rare,,False,https://www.ebay.com/itm/336453681470,https://i.ebayimg.com/images/g/cawAAeSwpcppoI5D/s-l500.webp
"PSA 10 Charizard Celebrations Classic Collection Holo Base Set Pokémon 4/102
Opens in a new window or tab",$749.98,749.98,PSA,10,,4/102,False,https://www.ebay.com/itm/196018150167,https://i.ebayimg.com/images/g/7RoAAeSwVE9pn2qv/s-l500.webp
"2021 Pokémon Celebrations Charizard-Holo Classic Collection- Base Set PSA 10
Opens in a new window or tab",$750.00,750.0,PSA,10,,,False,https://www.ebay.com/itm/127659257296,https://i.ebayimg.com/images/g/beQAAeSwOXJpHSXZ/s-l500.webp
"2001 POKEMON JPN EXPEDITION 1ST ED #071 CHARIZARD PSA 10
Opens in a new window or tab","$1,799.00",1799.0,PSA,10,,,False,https://www.ebay.com/itm/298069524981,https://i.ebayimg.com/images/g/EzgAAeSwvlJpoKfJ/s-l500.webp
"2002 POKEMON EXPEDITION #39 CHARIZARD PSA 10
Opens in a new window or tab","$6,000.00",6000.0,PSA,10,,,False,https://www.ebay.com/itm/117041627474,https://i.ebayimg.com/images/g/sGUAAeSw3~Fpk~Zb/s-l500.webp
"2021 Pokemon Celebrations Base Set Classic Collection Charizard 4/102 PSA 10
Opens in a new window or tab",$659.82,659.82,PSA,10,,4/102,False,https://www.ebay.com/itm/366223317960,https://i.ebayimg.com/images/g/4noAAeSwI1ZpnO7Z/s-l500.webp
"2002 POKEMON EXPEDITION #39 CHARIZARD PSA 10
Opens in a new window or tab",$929.00,929.0,PSA,10,,,False,https://www.ebay.com/itm/298044974269,https://i.ebayimg.com/images/g/qM0AAeSwRYFpgEq1/s-l500.webp
"PSA 10 GEM MINT Gengar 094/165 Holo Rare Pokemon Scarlet & Violet 151
Opens in a new window or tab",$92.00,92.0,PSA,10,Holo Rare,094/165,False,https://www.ebay.com/itm/168176517242,https://i.ebayimg.com/images/g/ic8AAeSwaaVpmea5/s-l500.webp
"2000 Pokemon Charizard 4/102 PSA 10 HOLO 1st Edition Korean Base Set POP 7
Opens in a new window or tab","$165,368.00",165368.0,PSA,10,1st Edition,4/102,False,https://www.ebay.com/itm/256649517613,https://i.ebayimg.com/images/g/J1oAAOSwnxphk-5g/s-l500.webp
"pokemon psa 10 Legendary heartbeat Allister 84 Japanese
Opens in a new window or tab",$6.50,6.5,PSA,10,,,False,https://www.ebay.com/itm/206079638407,https://i.ebayimg.com/images/g/ABQAAeSwPwFploT1/s-l500.webp
"1999 POKEMON GAME 69 WEEDLE BASE SET 1999-2000 PSA 10 Gem MINT
Opens in a new window or tab",$269.99,269.99,PSA,10,,,False,https://www.ebay.com/itm/127706871803,https://i.ebayimg.com/images/g/QI8AAeSwXH1poJtD/s-l500.webp
"2021 Pokemon Celebrations Charizard Classic Coll- Base Set #4 PSA 10
Opens in a new window or tab",$999.99,999.99,PSA,10,,,False,https://www.ebay.com/itm/356724147038,https://i.ebayimg.com/images/g/CHUAAeSws5Nn6guH/s-l500.webp
"2021 Pokemon Celebrations Classic Collection #4 Charizard Holo PSA 10
Opens in a new window or tab",$549.99,549.99,PSA,10,,,False,https://www.ebay.com/itm/188098268644,https://i.ebayimg.com/images/g/emMAAeSwqcxpoHYa/s-l500.webp
"Pokémon Holo Bleed 🩸 PSA 10 Charizard Celebrations Classic Collection Rare #4
Opens in a new window or tab",$899.00,899.0,PSA,10,,,False,https://www.ebay.com/itm/389617464872,https://i.ebayimg.com/images/g/9V4AAeSwVYVpj1vk/s-l500.webp
"Charizard Pokemon Trading Card Game Mini KFC 1998 Nintendo WOTC PSA 10 G25901
Opens in a new window or tab",$479.95,479.95,PSA,10,,,False,https://www.ebay.com/itm/357564547099,https://i.ebayimg.com/images/g/SXwAAeSw0aVouJKE/s-l500.webp
"Dugtrio 120/128 PSA 10 Expedition 1st Edition Pokemon Card Game
Opens in a new window or tab",$337.04,337.04,PSA,10,1st Edition,120/128,False,https://www.ebay.com/itm/287159997486,https://i.ebayimg.com/images/g/-~IAAeSwnzxpnIot/s-l500.webp
"PSA 10 Gem 1999 Pokemon Base Set Staryu 1999-2000 UK Printing 4th Print 65
Opens in a new window or tab",$69.99,69.99,PSA,10,,,False,https://www.ebay.com/itm/225629251462,https://i.ebayimg.com/images/g/SrYAAOSwHTxkkc~Z/s-l500.webp
"1999 Pokemon Base Set Booster Pack Charizard Sealed Pack PSA 10 Gem Mint Thick
Opens in a new window or tab","$2,696.40",2696.4,PSA,10,,,False,https://www.ebay.com/itm/358251364341,https://i.ebayimg.com/images/g/7R0AAeSwIz9pnLP9/s-l500.webp
"2021 Pokémon Celebrations Charizard Holo Classic Coll Base Set #4 PSA 10 GEM MT
Opens in a new window or tab",$650.00,650.0,PSA,10,,,False,https://www.ebay.com/itm/376977174797,https://i.ebayimg.com/images/g/kBUAAeSwVZJplmCz/s-l500.webp
"Pokémon TCG Gold Charizard 4/102 PSA10 Gem 1999 Rare Card WOTC Mint Condition #1
Opens in a new window or tab",$17.51,17.51,PSA,10,,4/102,False,https://www.ebay.com/itm/236655150482,https://i.ebayimg.com/images/g/PmUAAeSw2dxpnxWL/s-l500.webp
"POKEMON CHARIZARD HOLO BASE SET CELEBRATIONS 4/102 ITA PSA 10 GEM MINT
Opens in a new window or tab","$1,181.19",1181.19,PSA,10,,4/102,False,https://www.ebay.com/itm/286692627774,https://i.ebayimg.com/images/g/vOAAAeSwTUtoauGv/s-l500.webp
"PSA 10 Charizard Celebrations Classic 4/102 Holo Base Set Pokemon Card 2021
Opens in a new window or tab",$599.99,599.99,PSA,10,,4/102,False,https://www.ebay.com/itm/167250961303,https://i.ebayimg.com/images/g/iRkAAeSwemNpfXb-/s-l500.webp
"Pokemon Card Charizard 1996 Japanese Base Set PSA 10 Holo #6 Vintage From Japan
Opens in a new window or tab","$69,000.00",69000.0,PSA,10,,,False,https://www.ebay.com/itm/317911443721,https://i.ebayimg.com/images/g/c1EAAeSwuGtpmxNO/s-l500.webp
"Pokémon TCG 1999 Base Set 1st Edition English PSA 10 Gradeworthy Card Set Rare
Opens in a new window or tab",$950.00,950.0,PSA,10,1st Edition,,False,https://www.ebay.com/itm/127694384285,https://i.ebayimg.com/images/g/wvgAAeSwwoppl7hM/s-l500.webp
"PSA 10 - Pokemon JAPANESE - CHARIZARD - #001/016 - G-HOLO HALF DK 1ST EDITION
Opens in a new window or tab",$925.30,925.3,PSA,10,1st Edition,001/016,False,https://www.ebay.com/itm/317371017222,https://i.ebayimg.com/images/g/IB8AAeSwxT1o4Vdl/s-l500.webp
"Charizard Holo Base Set PSA 10 4/102 Pokemon Celebrations Classic Collection
Opens in a new window or tab",$766.13,766.13,PSA,10,,4/102,False,https://www.ebay.com/itm/198120503047,https://i.ebayimg.com/images/g/5DIAAeSwCxBplnZB/s-l500.webp
"Pokemon 1St Edition PokePark PSA10 Complete Set Rare Gem Mint Charizard Pikachu
Opens in a new window or tab","$24,096.48",24096.48,PSA,10,1st Edition,,False,https://www.ebay.com/itm/376975474812,https://i.ebayimg.com/images/g/L9UAAeSwHthpk2Ue/s-l500.webp
"2021 POKEMON CELEBRATIONS # 4 CHARIZARD - HOLO PSA 10 GEM MT # 64613019 CLASSIC
Opens in a new window or tab",$899.99,899.99,PSA,10,,,False,https://www.ebay.com/itm/358195549797,https://i.ebayimg.com/images/g/CrYAAeSwgdNphk1X/s-l500.webp
"Pokémon Charizard Celebrations CC. Base Set Holo Bleed Rare #4 PSA 10 💎
Opens in a new window or tab",$750.00,750.0,PSA,10,,,False,https://www.ebay.com/itm/376853542517,https://i.ebayimg.com/images/g/zTUAAeSw-k1pYn~Y/s-l500.webp
"2021 Pokemon Celebrations Classic Coll Base Set #15 Venusaur Holo PSA 10
Opens in a new window or tab",$124.97,124.97,PSA,10,,,False,https://www.ebay.com/itm/197827387242,https://i.ebayimg.com/images/g/6EoAAeSwsh9pn2jr/s-l500.webp
"Pokemon Venusaur holo classic collection jap PSA 10 #3 (no base set charizard)
Opens in a new window or tab",$129.93,129.93,PSA,10,,,False,https://www.ebay.com/itm/157262328846,https://i.ebayimg.com/images/g/i30AAeSwTFZoqC1w/s-l500.webp
"2021 Pokemon Celebrations Charizard Classic Collection Base Set #4/102 PSA 10
Opens in a new window or tab",$849.99,849.99,PSA,10,,4/102,False,https://www.ebay.com/itm/227206019573,https://i.ebayimg.com/images/g/DTwAAeSwLwhphjWJ/s-l500.webp
"2022 POKEMON JAPANESE SWORD & SHIELD VSTAR UNIVERSE #013 CHARIZARD V PSA 10
Opens in a new window or tab",$47.90,47.9,PSA,10,,,False,https://www.ebay.com/itm/306777585158,https://i.ebayimg.com/images/g/JxcAAeSwy6hpldy-/s-l500.webp
"2021 Pokemon Celebrations Charizard-Holo Classic Coll. #4 GEM MT PSA 10 Base Set
Opens in a new window or tab",$690.07,690.07,PSA,10,,,False,https://www.ebay.com/itm/168145647282,https://i.ebayimg.com/images/g/UwQAAeSwEpVpf~Lv/s-l500.webp
"🔥 Charizard Holo PSA 10 1996 Pokemon Japanese Nintendo RARE CHAOS WALL ART 🔥
Opens in a new window or tab",$42.99,42.99,PSA,10,,,False,https://www.ebay.com/itm/305689293062,https://i.ebayimg.com/images/g/RAIAAOSwq8Fmo3u2/s-l500.webp
"Pokemon Celebrations Charizard 4/102 Holo Base Set Classic Collection PSA 10
Opens in a new window or tab",$849.95,849.95,PSA,10,,4/102,False,https://www.ebay.com/itm/397539402262,https://i.ebayimg.com/images/g/BPUAAOSwR0toVaob/s-l500.webp
"【PSA10】Pokemon Card Japanese Charizard CHR 187/184 S8b Vmax Climax Full Art.
Opens in a new window or tab",$95.00,95.0,PSA,10,,187/184,False,https://www.ebay.com/itm/389592732017,https://i.ebayimg.com/images/g/aeQAAeSwszlpiF7M/s-l500.webp
"Pokemon TCG Charizard 011/078 Pokemon GO Radiant Rare PSA 10
Opens in a new window or tab",$99.00,99.0,PSA,10,,011/078,False,https://www.ebay.com/itm/187726964311,https://i.ebayimg.com/images/g/gGwAAeSwAWNpEWEV/s-l500.webp
"Pokemon Card - CHARIZARD - Celebrations 25th Base Set - ENG - PSA 10 GEM MINT
Opens in a new window or tab",$708.72,708.72,PSA,10,,,False,https://www.ebay.com/itm/365897111519,https://i.ebayimg.com/images/g/MOIAAeSwk0Zo3i~b/s-l500.webp
"Pikachu Carddass Prism Pokemon Card PSA 10 BANDAI 2000 Anime Movie 2
Opens in a new window or tab",$640.62,640.62,PSA,10,,,False,https://www.ebay.com/itm/235621914033,https://i.ebayimg.com/images/g/M10AAOSw091meN0G/s-l500.webp
"Charizard Base Set 1st Edition Square psa 10 No Blastoise, Venusaur, Pikachu
Opens in a new window or tab",$707.54,707.54,PSA,10,1st Edition,,False,https://www.ebay.com/itm/227100778223,https://i.ebayimg.com/images/g/Ir0AAeSwWORpI1bq/s-l500.webp
"Charizard 143/S-P PSA 10 GEM MINT Pokemon Card Japanese Illustration Promo
Opens in a new window or tab",$63.85,63.85,PSA,10,,,False,https://www.ebay.com/itm/236625215165,https://i.ebayimg.com/images/g/cpMAAeSw2E9piQsw/s-l500.webp
"Charizard #06 Pokemon Trading Card Game Mini KFC 1998 Nintendo WOTC PSA 10
Opens in a new window or tab",$799.99,799.99,PSA,10,,,False,https://www.ebay.com/itm/156273556281,https://i.ebayimg.com/images/g/EGMAAeSwcu9pHmxZ/s-l500.webp
"PSA 10 CHARIZARD 1999 Pokemon Base Unlimited #4/102 Holo Non-Shadowless GEM MINT
Opens in a new window or tab","$49,999.99",49999.99,PSA,10,Shadowless,4/102,False,https://www.ebay.com/itm/142638569591,https://i.ebayimg.com/images/g/yMUAAOSwnTdaRUQg/s-l500.webp
